{"cameraMode":{"drawMode":0,"name":"Shaded","section":"Shading Mode"},"sceneLighting":true,"audioPlay":false,"sceneViewState":{"showFog":true,"showMaterialUpdate":false,"showSkybox":true,"showFlares":true,"showImageEffects":true,"showParticleSystems":true},"in2DMode":false,"pivot":{"x":6.314937591552734,"y":0.7977018356323242,"z":1.9239757061004639},"rotation":{"x":-0.10677695274353028,"y":-0.6265569925308228,"z":0.08721572905778885,"w":-0.7670844197273254},"size":4.892826557159424,"orthographic":false}